{"IcoMoonType":"selection","icons":[{"icon":{"paths":["M298.827 223.204c0 0-0.041 0-0.041 0-6.635 0-12.659 2.686-17.014 7.042v0l-281.754 281.754 281.754 281.754c4.355 4.355 10.38 7.083 17.055 7.083s12.7-2.686 17.055-7.083v0c4.355-4.355 7.042-10.38 7.042-17.014s-2.686-12.659-7.042-17.014v0l-247.726-247.726 247.726-247.685c4.355-4.355 7.083-10.38 7.083-17.055s-2.686-12.7-7.083-17.055v0c-4.355-4.355-10.38-7.042-17.014-7.042 0 0-0.041 0-0.041 0v0z","M42.106 487.903c-13.27 0.041-24.015 10.787-24.015 24.056 0 0 0 0 0 0v0c0 0 0 0 0 0 0 13.27 10.746 24.015 24.015 24.056v0h657.861c0 0 0 0 0 0 13.31 0 24.056-10.787 24.056-24.056 0 0 0 0 0 0v0c0 0 0 0 0 0 0-13.31-10.787-24.056-24.056-24.056 0 0 0 0 0 0v0z"],"attrs":[{"fill":"rgb(133, 133, 133)"},{"fill":"rgb(133, 133, 133)"}],"width":724,"isMulticolor":false,"isMulticolor2":false,"grid":0,"tags":["arrow-left"],"colorPermutations":{"13313313312332332331":[{"f":0},{"f":0}]}},"attrs":[{"fill":"rgb(133, 133, 133)"},{"fill":"rgb(133, 133, 133)"}],"properties":{"order":12,"id":3,"name":"arrow-left","prevSize":32,"code":59648},"setIdx":0,"setId":7,"iconIdx":0},{"icon":{"paths":["M425.22 223.164c0 0-0.041 0-0.041 0-6.635 0-12.659 2.686-17.014 7.042v0c-4.355 4.355-7.083 10.38-7.083 17.055s2.686 12.7 7.083 17.055v0l247.725 247.684-247.725 247.725c-4.355 4.355-7.042 10.38-7.042 17.014s2.686 12.659 7.042 17.014v0c4.355 4.355 10.38 7.083 17.055 7.083s12.7-2.686 17.055-7.083v0l281.754-281.754-281.754-281.754c-4.355-4.355-10.38-7.042-17.014-7.042 0 0-0.041 0-0.041 0v0z","M24.081 487.863c0 0 0 0 0 0-13.31 0-24.056 10.787-24.056 24.056 0 0 0 0 0 0v0c0 0 0 0 0 0 0 13.31 10.787 24.056 24.056 24.056 0 0 0 0 0 0h657.86c13.27-0.041 24.015-10.787 24.015-24.056 0 0 0 0 0 0v0c0 0 0 0 0 0 0-13.27-10.746-24.015-24.015-24.056v0z"],"attrs":[{"fill":"rgb(133, 133, 133)"},{"fill":"rgb(133, 133, 133)"}],"width":724,"isMulticolor":false,"isMulticolor2":false,"grid":0,"tags":["arrow-right"],"colorPermutations":{"13313313312332332331":[{"f":0},{"f":0}]}},"attrs":[{"fill":"rgb(133, 133, 133)"},{"fill":"rgb(133, 133, 133)"}],"properties":{"order":13,"id":2,"name":"arrow-right","prevSize":32,"code":59649},"setIdx":0,"setId":7,"iconIdx":1}],"height":1024,"metadata":{"name":"arrows"},"preferences":{"showGlyphs":true,"showQuickUse":true,"showQuickUse2":true,"showSVGs":true,"fontPref":{"prefix":"icon-","metadata":{"fontFamily":"arrows","majorVersion":1,"minorVersion":0},"metrics":{"emSize":1024,"baseline":6.25,"whitespace":50},"embed":false,"autoHost":true,"ie7":true,"noie8":false,"showSelector":true,"selector":"i","showMetrics":false,"showMetadata":false,"showVersion":false},"imagePref":{"prefix":"icon-","png":true,"useClassSelector":true,"color":0,"bgColor":16777215,"classSelector":".icon","name":"icomoon"},"historySize":50,"showCodes":false,"gridSize":16,"quickUsageToken":{"UntitledProject":"NzFhMTUzODY0Njg5YTJiMTllYmUyYmFjYTBkYzQ3YzgjMSMxNjcxNzAwNDcxIyMjNTY0MTMyODJhNjk4"},"showLiga":false,"showGrid":false}}